predict,buy
8021195.525041846,1
6514764.657238451,1
5474803.137619373,1
4562922.795510871,1
4067624.967469481,1
4009133.9947316367,1
3912894.931913403,1
3910263.785395475,1
3830874.1455726996,1
3822177.6378497016,1
3591673.491836897,1
3464001.103303788,1
3436190.6651794724,1
3320145.1757879388,1
3175819.625489127,1
3150901.106482343,1
3069189.4373972723,1
2871751.369614103,1
2829281.4881026857,1
2806051.960311572,1
2782112.0937129753,1
2759664.6701943437,1
2655533.9162920825,1
2649604.1494092336,1
2530094.00842659,1
2509466.7979205158,1
2508840.623671488,1
2486943.9180033347,1
2464032.1457132716,1
2460069.428431607,1
2447466.058627192,1
2445508.2532465532,1
2370414.5538411904,1
2329674.8542288486,1
2292884.3698152015,1
2284874.63659971,1
2247067.526835724,1
2199633.867284552,1
2155440.504385181,1
2121084.1277740123,1
2108276.8071474824,1
2080872.7313491232,1
2054947.276884111,1
2054392.9610440074,1
2042242.0285328166,1
2013793.6378047713,1
2000458.5304749352,1
1961907.5788972536,1
1959705.1684917042,1
1937275.8392643936,1
1891119.183690533,1
1879983.4939746775,1
1851077.3700553102,1
1804115.3597375988,1
1780641.5587307182,1
1775583.5947869935,1
1763636.1049007426,1
1755113.1708608735,1
1754498.440704065,1
1749372.728004797,1
1740778.3776399123,1
1739318.9331824644,1
1735055.2033712955,1
1722223.2165815888,1
1717758.7616703461,1
1716246.2282115465,1
1711493.8594951786,1
1704013.388496789,1
1693774.1982905837,1
1692613.615630578,1
1683252.454284777,1
1667876.822648972,1
1664524.681403589,1
1663883.36539867,1
1647480.7320458011,1
1636900.9238313842,1
1630784.5181171235,1
1611632.6872321656,1
1603435.3953230053,1
1599860.623969021,1
1575013.5371496668,1
1574684.8542713486,1
1572045.4501105626,1
1560128.2926048066,1
1551205.5420480566,1
1546292.611461503,1
1544129.8843073545,1
1530103.8261183864,1
1522474.6806557097,1
1522370.4980423693,1
1520542.3569377218,1
1517751.9308224097,1
1514761.098585426,1
1511844.4638761193,1
1507760.3332076673,1
1503264.1023598665,1
1500694.4087441766,1
1490054.657139748,1
1473016.2529277953,1
1470343.549739493,1
1464383.006617553,1
1454417.3126811082,1
1453167.6789104047,1
1452613.2787680372,1
1444430.7094579884,1
1440851.7104476015,1
1439817.435829856,1
1431495.3328625648,1
1427012.9391485946,1
1420869.9166740638,1
1414206.9005503585,1
1410769.5624976207,1
1408107.0936512307,1
1394368.950331157,1
1385122.2618543063,1
1368221.7061905097,1
1364910.9580741313,1
1364084.4056711087,1
1358053.3281153548,1
1355522.9342910792,1
1349523.2404269462,1
1347077.5726349007,1
1324545.5017503179,1
1320526.3383584842,1
1319239.6486906726,1
1313289.441981607,1
1306856.9270689012,1
1302551.5990097048,1
1298996.3567200357,1
1298708.7693152127,1
1297884.5931463256,1
1295917.4345300687,1
1295461.2347455027,1
1281636.2297124383,1
1280176.484225692,1
1265881.1740640672,1
1262625.5898909252,1
1254308.6442250875,1
1250948.0831625152,1
1248194.3496735743,1
1248108.4872875945,1
1246387.2258661368,1
1245197.8062162308,1
1244842.1843105177,1
1236382.8662354448,1
1233492.450802761,1
1222127.066432306,1
1218519.7843637345,1
1215603.1682262681,1
1210367.6004899133,1
1203239.1873118004,1
1190698.5143111004,1
1188550.3714028716,1
1187539.146593727,1
1186810.3733556701,1
1183642.82282476,1
1179385.1280981847,1
1177063.5379739664,1
1175868.0624889762,1
1173397.4552062224,1
1169272.1281495003,1
1160764.1553100166,1
1159894.5419162596,1
1153988.2839684568,1
1150270.8686496678,1
1148480.1273741385,1
1142897.9674578023,1
1132317.6204432151,1
1123061.1799818182,1
1118830.9268483168,1
1117995.9887642341,1
1112590.985415359,1
1109850.0839978652,1
1101699.540569359,1
1099329.84218071,1
1098069.3393218324,1
1096015.6017811208,1
1094741.971149695,1
1092463.7733983367,1
1092170.5056627872,1
1087648.9956015395,1
1086333.8051545655,1
1078237.5501269856,1
1071666.83360093,1
1067980.5238092432,1
1066221.116656682,1
1065721.3972235268,1
1064991.6727439805,1
1064398.978378683,1
1064395.5591234409,1
1063740.9226195833,1
1059584.8532076222,1
1053282.880583272,1
1053092.6728937356,1
1050767.3661157386,1
1048070.9656546949,1
1045721.0102841905,1
1045228.7610802229,1
1042882.5859424274,1
1041766.2425088421,1
1036757.3203903169,0
1036249.1374585163,0
1036008.6672498116,0
1033942.970809245,0
1027007.410364511,0
1024180.3492737942,0
1023452.7813765458,0
1022268.1152950402,0
1021365.2107835097,0
1018435.4908805623,0
1016310.9837139867,0
1015367.9141790597,0
1012670.1219818832,0
1010916.9325859037,0
1009081.4980928369,0
1003243.6899018605,0
1002348.0035504572,0
999397.1863081774,0
997793.4833544982,0
997620.9579218494,0
997147.4395849799,0
995393.0171047221,0
991900.7246379982,0
990064.1526438262,0
989254.7428772704,0
986956.6274186943,0
985405.4265207584,0
984996.3059374786,0
984863.9384210982,0
984146.6531627908,0
981275.8736428303,0
980924.217952195,0
979184.7876869849,0
978034.004466793,0
975468.9583444473,0
974900.5689466879,0
974759.4113968785,0
972696.6290100311,0
971873.2568213021,0
969518.3313257876,0
968981.3464651522,0
968088.4897843336,0
966428.009959104,0
965158.4316473069,0
964431.929628944,0
961094.9520859938,0
958205.4775811706,0
953187.1769421964,0
953159.9331197946,0
949404.5353039769,0
949057.1500113647,0
941526.6806045043,0
940214.2653504619,0
938580.6257100127,0
937421.9420619147,0
936427.1631320886,0
935537.171943718,0
934044.3028251545,0
933941.2197841819,0
927460.716829248,0
926588.0133360266,0
926182.3275029938,0
918281.0626978606,0
917668.4072710613,0
917622.3546033055,0
917335.1204735375,0
917120.923536204,0
914214.3118021921,0
913829.9425784487,0
912855.8669897107,0
912502.2933499691,0
912179.0666104726,0
910493.9355910447,0
897929.2311497454,0
897690.2885963573,0
896660.7994727967,0
895638.6742567145,0
893238.5958286508,0
891962.7118175423,0
890151.5244185053,0
889505.6558837815,0
889108.6104880302,0
887026.9499618418,0
886851.0935591711,0
882097.0208138359,0
881514.4429822329,0
880182.1360914004,0
879848.9442054027,0
877701.0632054169,0
877288.3843960307,0
873072.2293103327,0
871905.2555812666,0
870211.9951859082,0
869635.4395865144,0
869227.899117546,0
867362.2303710909,0
866134.1205335129,0
865970.3265969309,0
865939.2034866938,0
861750.2894859706,0
859983.8694971803,0
858413.7940360173,0
856981.3432640024,0
855772.8776193035,0
854902.5720096097,0
854129.3254347253,0
853409.2000711625,0
853360.4023244907,0
847665.399071347,0
844398.0666460429,0
844340.3069246428,0
837655.1781232912,0
835726.7339952163,0
834700.0118699094,0
834662.9334478731,0
833204.0177663257,0
831468.1217003107,0
831223.4950558093,0
830768.7096402895,0
829582.3599271758,0
829301.3554373329,0
828655.8645009502,0
828560.1755339475,0
827975.4595427881,0
826901.2642899989,0
825958.276425797,0
825041.0745709381,0
824565.9506805353,0
823217.3027523345,0
822820.0445633614,0
821759.4096259908,0
820739.3954132969,0
820264.596445385,0
818487.588759562,0
816952.0297591801,0
815562.474215876,0
813318.8575020401,0
813172.7598346355,0
811983.6612252475,0
810820.7576640676,0
810636.9573088699,0
807120.5363520362,0
806521.0404871751,0
804314.5511880559,0
804265.8586293356,0
802883.3286288191,0
802776.8898769036,0
801544.9997688461,0
800530.2863176991,0
800241.5293623684,0
797845.7964613705,0
794214.2530654531,0
793356.4682673818,0
792615.6963266847,0
791368.2789788967,0
791269.6816179645,0
790569.2322827314,0
788585.2743093824,0
788194.7857645827,0
787597.7508674175,0
787083.2444792619,0
785119.0135236449,0
785076.4474091473,0
784745.1690090185,0
784080.5034582145,0
781887.4963010703,0
779598.3659714398,0
776962.5711156372,0
776751.5646021991,0
773102.2458538067,0
772643.0524847392,0
771455.1232171067,0
769872.5683762138,0
768027.1998682842,0
767893.5276508137,0
767585.7524049686,0
766897.2053886802,0
766829.8105484701,0
766324.554860808,0
765291.9886564794,0
761265.7881378852,0
760001.7939350511,0
759826.8192519991,0
758450.3628508601,0
757562.5157545368,0
756277.1695071656,0
753501.0090307944,0
749476.996380654,0
749432.9085791081,0
749393.704849452,0
748593.7645284615,0
748206.7239060444,0
748137.8423351103,0
745658.7177071217,0
745314.1407620092,0
744063.3763629107,0
743687.4905035719,0
743381.4685667602,0
741900.6034088734,0
741517.2375176081,0
741428.7651468266,0
738656.2313734747,0
738006.456163723,0
737779.9100290628,0
736146.0137187468,0
733389.7129502153,0
733360.2493858832,0
733298.8769620162,0
732903.067613448,0
732586.6391965441,0
732424.6081113518,0
731830.0627878084,0
730472.7965851506,0
729926.349564081,0
729499.2070867307,0
728754.2059176168,0
728735.9572205112,0
728696.3795720931,0
727550.1807953278,0
726888.281603047,0
725671.1764597029,0
725385.9428979318,0
724989.9338058755,0
724237.5301064862,0
722726.1570618503,0
722020.4899147473,0
721821.2667992905,0
721385.6475501291,0
720677.3407842817,0
720547.0212060406,0
720197.410640171,0
719543.9196134282,0
718510.6196140534,0
717210.2687712064,0
715837.5682301482,0
714622.9974233944,0
714401.4874867501,0
713888.768695661,0
712604.172490827,0
711632.13829053,0
710222.8525204058,0
710163.6052490916,0
709675.8563417736,0
709392.1069287107,0
708556.5525823167,0
708091.9479716704,0
708068.8417161615,0
707596.5596933804,0
706981.995742109,0
706555.2965748804,0
705695.845972341,0
705365.3610108625,0
705169.0256375672,0
703405.9353450413,0
703154.3402445939,0
702860.748398784,0
702130.0720778584,0
701586.7564582565,0
701263.2674002342,0
700288.435819794,0
699181.7233220848,0
698252.696131549,0
697980.4987698297,0
696416.1619701321,0
695837.5720621288,0
693861.4293987681,0
693769.1035149277,0
692411.8113703952,0
692156.5551062755,0
692129.2984001656,0
691860.3430762972,0
689397.9969716797,0
688791.037266555,0
688270.8691771984,0
688018.1971271031,0
687875.9740756159,0
687857.1558507191,0
686692.8090135497,0
686668.1556363805,0
686344.8129277268,0
685052.075194719,0
684830.1986519396,0
684727.5353146772,0
684692.2561160775,0
684252.8348986662,0
683968.8158337872,0
683573.5800495051,0
682549.6304806318,0
682494.5099841037,0
682438.2249100779,0
682010.8060659855,0
680893.1840903168,0
680821.313563762,0
678777.5842067093,0
678463.4983068166,0
678329.4354276187,0
677339.5815871524,0
675743.919342738,0
673862.100378643,0
673804.4486971311,0
673729.1866672587,0
673381.781224066,0
673205.8211724306,0
673150.9738757235,0
672243.3075414196,0
671461.327177402,0
671122.6465132594,0
670893.1679322866,0
670757.6248876327,0
670068.9205804184,0
669460.4530555469,0
669378.1408029185,0
667428.4480701897,0
666975.0113163954,0
666884.407665974,0
666108.8470206687,0
665409.6804087076,0
665052.8299583736,0
664989.8800175264,0
664569.6547547381,0
664436.9226113214,0
664315.9424400497,0
664044.6825781021,0
662852.2830689404,0
661769.5414018894,0
661292.5455423881,0
661064.3505753011,0
660667.6338214618,0
659801.123956356,0
659542.7476566016,0
659185.9056288234,0
658283.5818116794,0
657784.2191783692,0
657678.8866963526,0
657390.1729237763,0
657331.7852531685,0
657254.5676413352,0
657129.1158911943,0
656339.8199062762,0
656073.4314891435,0
655515.9352587966,0
655300.2684727914,0
655228.6998190798,0
654266.4231610871,0
653699.6849531418,0
652887.3523306405,0
652620.7612865341,0
652493.8234845919,0
652356.4218182304,0
651366.9687553929,0
651055.4942920731,0
650897.9732662985,0
650343.4149578743,0
648230.6396952004,0
647853.6555808348,0
647547.6814357716,0
645912.7385200649,0
645184.1893262066,0
645162.7879996322,0
645016.5259744688,0
642517.14429654,0
639889.9351876903,0
639534.2619902317,0
637316.4353072857,0
637271.1403836787,0
636909.155403751,0
636848.3046624357,0
636475.7514371033,0
635879.5322156948,0
635229.9674728914,0
635073.1180130749,0
633766.2789331573,0
633638.1446164711,0
632800.7317268703,0
632282.3935416801,0
632036.2529277529,0
631148.1218469779,0
629986.959510533,0
629862.7291961177,0
629546.3742453009,0
629482.2602617868,0
628633.2416977057,0
628482.2561719833,0
628069.3154785122,0
627531.2931202183,0
624977.228651296,0
624830.153567127,0
624811.0426510734,0
624437.142679993,0
624421.8238341298,0
622112.5206024053,0
621780.652277197,0
621611.6049197001,0
621017.1579953752,0
618780.4668546645,0
618689.3034151724,0
618473.8376784201,0
617535.3967170635,0
616127.1015067579,0
615923.8846256955,0
615508.5419574885,0
613617.7650045069,0
613546.8777574905,0
613348.804924593,0
612917.7750431496,0
612423.2713288146,0
612310.8777711334,0
611114.8944823089,0
611057.9230543213,0
610527.3517690646,0
610133.8705074514,0
610094.7751529573,0
609427.5562510537,0
609392.4550429026,0
609067.3409723643,0
608194.4670961805,0
607702.0071984949,0
607452.5389156545,0
605652.1264614927,0
605549.3764268295,0
603165.872079825,0
602545.7050808821,0
601711.8465642183,0
601630.7814708967,0
601629.761797868,0
600850.7325126623,0
600506.8095376455,0
600402.5672598088,0
600352.7117206721,0
600247.0260818488,0
599330.0947480928,0
599161.4285557127,0
598976.4318815458,0
598881.9933041062,0
598739.5037819097,0
598617.6267426711,0
597175.5011952035,0
596446.167793046,0
596300.5749041868,0
596210.0060521663,0
595460.986344818,0
594043.4415733244,0
592345.9028467828,0
592245.0242751581,0
590245.8291175654,0
588516.1637060759,0
587714.8434625657,0
586799.4352749045,0
586140.279017513,0
584913.229156508,0
584843.4432025937,0
584500.1903427829,0
583920.5242120342,0
583663.3958095014,0
582998.4441964675,0
581986.0994357918,0
581285.6154305232,0
580053.5430195715,0
579687.6953597929,0
579502.5378785693,0
579031.2804772761,0
578695.1236679717,0
578336.7338736816,0
577853.9083146491,0
577699.2657356698,0
577581.462340623,0
577226.946446349,0
576714.5724824658,0
576054.8289367215,0
574838.8557546703,0
574342.9079251171,0
574274.7640214709,0
574020.4397879104,0
573704.1834635324,0
573463.8058855144,0
572510.1114017016,0
571833.6872822604,0
571157.4482249238,0
570636.4171446952,0
570166.4173512354,0
570036.525540249,0
568711.6710182682,0
568509.2794360495,0
568499.674335137,0
568330.660825521,0
568109.6306423662,0
567415.9589242566,0
567170.2755257323,0
566518.7072079763,0
566508.8543187417,0
566237.7948422276,0
565850.2836754128,0
565185.5483846118,0
564914.8837472402,0
563897.9818839327,0
563840.6411216971,0
563626.3395569968,0
562789.6533039052,0
562785.5431216685,0
562634.1865565868,0
562317.362357529,0
562120.1338904946,0
561959.6105853464,0
561953.3758557623,0
561825.1905266944,0
561818.482682178,0
561409.7382015097,0
561048.499639339,0
560868.6725550438,0
560265.2910851081,0
560123.5400563824,0
559189.9521539863,0
559070.0084035131,0
559020.041708154,0
558442.2015855341,0
558339.1882115179,0
557844.007112503,0
557804.5356290016,0
557684.1098286822,0
557273.0085109231,0
557269.0774446643,0
557202.7622212337,0
556571.8154111063,0
556367.5279181356,0
555331.7040879559,0
554753.8910301684,0
554448.6356681531,0
554387.5229462896,0
553831.095167208,0
553786.316690675,0
553432.9240495143,0
553153.5185293992,0
553056.0615110064,0
553010.5347959459,0
552773.8369298119,0
552430.1006774124,0
552140.0647694768,0
552075.2949117384,0
552018.3453471637,0
551300.1202907601,0
551067.018808378,0
551006.2393821838,0
550069.5052740169,0
549963.4343106862,0
549942.8744500598,0
549886.3532163986,0
549852.9921755868,0
549821.3942927,0
549546.6197955057,0
548539.0089501597,0
548379.22538977,0
548304.6819343201,0
547634.7449306141,0
547359.8253712344,0
546912.4769962624,0
546406.9181330632,0
545982.3321665529,0
545973.4124161892,0
545817.5816043788,0
545783.3817948271,0
545360.081415811,0
545346.9415507896,0
545038.6823173697,0
544255.1191501567,0
543851.9579770105,0
543651.0101003079,0
543636.5652579169,0
543385.342714036,0
542945.7688366129,0
542085.5683730954,0
541448.2629118724,0
539850.7200887554,0
539724.6180673351,0
539540.6631340984,0
539234.4087717194,0
538150.7342224495,0
538091.3833582618,0
537500.7481582114,0
537062.2482407547,0
536534.3909236265,0
536265.2034124298,0
535837.7106085937,0
534296.9598250978,0
533543.3485672417,0
532806.9548244615,0
532720.7072705923,0
532077.5119410009,0
532061.9959086527,0
531517.2566178213,0
531182.8299060725,0
530694.3167059706,0
530198.3160105987,0
529856.4485395699,0
529557.9948106605,0
528788.3005931108,0
528666.0490778973,0
528180.7063983126,0
527904.0096905675,0
527869.9019811247,0
526892.5318649851,0
526653.7303269937,0
526143.902840823,0
524226.26879222866,0
523747.0079362178,0
523612.62946190545,0
523152.70689785166,0
522970.5012109134,0
522609.71457067365,0
522479.6478852063,0
522379.92221205984,0
521517.60050433176,0
521109.47063120466,0
520731.11595056497,0
520591.6607525528,0
520349.3321433135,0
520116.48947381356,0
520044.2206714719,0
519872.34520897584,0
519617.52877454285,0
518859.8650796417,0
518858.1187834729,0
518784.78648283414,0
518547.91603775835,0
518176.2887388938,0
517871.07150225015,0
517580.4614187303,0
517267.49254735874,0
517194.4588454203,0
517123.2920712518,0
516986.01418965147,0
516896.35858277895,0
516522.46883964783,0
516366.5968296522,0
516323.44541546353,0
516159.96197969874,0
516057.73476868344,0
515225.60564886057,0
514904.0847609936,0
514416.3519392279,0
513424.0169979832,0
513375.62942002446,0
513055.95062286546,0
512915.8885082848,0
512789.739121309,0
511651.4170312785,0
510577.50854997337,0
510505.0632948871,0
510182.3468047405,0
510021.21617181436,0
509700.97840936587,0
509685.0098742404,0
509475.4989162922,0
509293.75532246556,0
509117.39554645575,0
509049.60928448965,0
508666.4143406666,0
508258.5321713355,0
508020.2151756071,0
507711.6840804002,0
507046.2720836728,0
506938.5264019151,0
506753.46457385086,0
506704.3114591919,0
506577.76151998155,0
506128.60927090683,0
505735.8956088851,0
505717.3429829778,0
505574.0362922331,0
504844.5395875685,0
504653.00854614243,0
504605.42196049856,0
504561.71017643914,0
504452.76666955807,0
504396.6706347045,0
503690.77600687847,0
503613.06452241156,0
503511.18159263325,0
503383.08963468455,0
502894.3388184965,0
502337.05556153326,0
502088.6785763246,0
501842.4609685816,0
501311.50400152314,0
501260.7667935166,0
500975.1008438529,0
500866.9002495258,0
500741.31580615405,0
500298.2757305751,0
500285.37441554683,0
500124.64518351015,0
499736.2410910082,0
499703.3112780376,0
499624.25980492396,0
499594.51371093234,0
499586.2766955785,0
499316.89321032434,0
499035.69334822637,0
498227.7115909117,0
498155.511981472,0
497851.46327209374,0
497686.3984334541,0
497584.83517649723,0
497165.4289201808,0
496812.0704496444,0
496728.63227297296,0
496602.58621853037,0
496202.9802323839,0
495993.7544158041,0
495332.35014897253,0
495315.7884343745,0
494315.21070573,0
493859.6194358615,0
493368.98061673285,0
493359.9021362036,0
493055.5044691325,0
492251.133537056,0
492150.10031650215,0
491994.0961975708,0
491752.5864630526,0
491639.1208247345,0
491288.72270681517,0
491012.3009369388,0
490921.42741851014,0
490793.59315383475,0
490401.06159569,0
489871.83961189847,0
489535.01323792594,0
488740.775004896,0
488473.9717206485,0
488095.09886282764,0
487789.45794775663,0
487612.24379621143,0
487565.5250024373,0
487477.89216449636,0
487198.00517121295,0
487000.58598974,0
486977.02641915326,0
486738.75630892563,0
486715.75600587693,0
486680.16996472527,0
486492.1984749578,0
485975.1747350955,0
485919.7764492039,0
485754.1927520349,0
485481.04256202426,0
484871.4387676477,0
484703.889788676,0
484426.74014571984,0
484109.7955511034,0
483776.34269561357,0
483666.09218041226,0
483647.7652656455,0
482698.85182884743,0
482634.5898510559,0
482139.1245983607,0
481935.7231381476,0
481919.04648764187,0
481832.9129346398,0
480731.38370446116,0
480730.4182529148,0
480690.68942192214,0
480509.15387575055,0
480263.62172636413,0
480170.22974273516,0
480058.3474081281,0
479907.3589869347,0
478966.822478369,0
478854.888153285,0
478251.79278556333,0
477383.25699464,0
477192.622686245,0
476929.2543940776,0
476785.28590700723,0
476557.0209086183,0
476181.8350441853,0
475840.08542622416,0
475688.8003305147,0
475420.46217062563,0
475414.1351508337,0
475366.706104823,0
474938.41287670156,0
474910.6161895944,0
474621.8569261592,0
474241.0526124334,0
473703.3459666719,0
473497.6024793052,0
473357.64819811145,0
473098.9209293205,0
472727.83748401405,0
472645.8905859498,0
472210.324296147,0
472104.04531631107,0
472008.41550164664,0
471750.43276598887,0
471747.3688468578,0
471465.1685195479,0
471428.9011089949,0
471181.9818937163,0
471076.5578846846,0
470908.51532244385,0
470792.1229934402,0
470564.14826422284,0
470085.95823770744,0
470063.81061070174,0
470049.5505527007,0
469943.37909030286,0
469856.12145061546,0
469182.77216097416,0
469117.9055081695,0
468833.64038283064,0
468760.45227201213,0
468705.0741438956,0
468248.0834270959,0
468123.7166379079,0
467329.9340161804,0
467096.8908789021,0
466620.1441928853,0
466610.01624405064,0
466549.4552811327,0
466419.55117210624,0
466358.4075555233,0
466230.3623947841,0
465425.2959751903,0
465256.63007785816,0
465100.6276012189,0
465093.187572653,0
464675.7157653842,0
463951.2323045462,0
463944.0243500015,0
463625.9853563162,0
463256.77773913974,0
462920.88982896105,0
462793.0757387013,0
462605.41225908516,0
462487.4327356539,0
462142.49163189065,0
460769.5302534881,0
460360.5288441426,0
459827.68669769226,0
459618.04696129635,0
459232.59645521577,0
459113.56514383596,0
459053.759662999,0
458719.30859448394,0
457772.64491614915,0
457615.8209203473,0
457256.0049002803,0
457215.3854653216,0
457026.04085067805,0
457010.02695578063,0
456963.55598254135,0
456696.8812754316,0
456682.95697229396,0
455575.8922572217,0
455449.49201010505,0
455429.1492345694,0
454851.76898270554,0
454426.8340820073,0
454093.97302568017,0
453876.13545401214,0
453810.26441322896,0
451696.88352922176,0
451622.2505868871,0
451448.53035532375,0
451392.4661758966,0
450874.51116004394,0
450347.9056745531,0
450297.55239141977,0
449979.20571245044,0
449783.20106790157,0
449770.29330444307,0
449730.4860572248,0
449539.8507784667,0
449340.4964113594,0
449300.18171945255,0
449092.9843979824,0
448940.82821392425,0
448816.6995274445,0
448781.8568370798,0
448652.5675190586,0
448608.6078989178,0
448182.2004880562,0
448052.25452107785,0
448025.14085469814,0
447808.3737070875,0
447671.9566482516,0
447575.47611109074,0
447525.223192639,0
447510.6294110285,0
447465.46370281774,0
446942.432945075,0
446742.70490373735,0
446684.5889620501,0
446678.1940961162,0
446652.4407088003,0
446402.1319648171,0
446195.4375036425,0
446175.4552828172,0
446095.8082747515,0
445048.54415069503,0
444556.48532373674,0
444484.91524315585,0
444209.48597714317,0
444103.37218674505,0
443833.09726114816,0
443729.085011373,0
443728.41878478334,0
443530.5442787991,0
442910.1216111556,0
442788.23289764073,0
442725.19222487306,0
442531.4387832397,0
442509.4077636564,0
442362.92260573676,0
442224.29767185514,0
441985.9336898944,0
441645.08030871954,0
441271.13579830696,0
441213.7748895413,0
440702.01390185475,0
440548.2361889419,0
440381.72193865414,0
440375.7394987107,0
440201.3172361814,0
440180.201638525,0
440175.738390446,0
440174.06900994177,0
440133.7599781874,0
440065.8704782497,0
439374.689934898,0
439337.00040857855,0
439225.4986699677,0
439170.7823121948,0
439161.0405394997,0
439120.24294897955,0
438738.3318832392,0
438580.1005375673,0
438466.0286777243,0
438127.33739284,0
438073.7671427674,0
437782.2400403233,0
437696.88253208995,0
437213.5252566801,0
437164.12298964575,0
437130.3847159643,0
437089.57407184894,0
437063.9413763898,0
436876.48800245667,0
436781.0675123047,0
436309.86059275584,0
436183.3503712629,0
435882.9055534935,0
435665.76050924073,0
435664.5340006739,0
435639.5796862781,0
435033.55693419883,0
435012.901382732,0
434980.2945848184,0
434931.5687111861,0
434916.88745972415,0
434183.81572151725,0
434183.0112945768,0
433132.7716048765,0
432824.3637774842,0
432796.8603220022,0
432768.2548220124,0
432439.91011599434,0
432400.9809855182,0
431138.3453302517,0
431003.24700258864,0
430886.7392857613,0
430224.0647656343,0
430181.31011739327,0
430126.06415234046,0
430022.4736401075,0
429465.140081601,0
429407.35386606905,0
429400.5438809372,0
429151.84621584037,0
429089.72857201187,0
428690.2572599192,0
428665.50302749337,0
428589.28206480574,0
428380.365791711,0
428302.6600430539,0
428126.7091915664,0
427655.53391776804,0
427613.4548235616,0
426895.06360485463,0
425974.48417454073,0
425641.5815411269,0
425559.9286654273,0
425477.9337214244,0
425225.2418903418,0
425203.50844870944,0
424897.5037104893,0
424818.842672567,0
424771.67634416505,0
424401.2455739507,0
424375.33900776185,0
424358.0927651726,0
424005.3592087367,0
423922.55386753037,0
423340.59926276194,0
423314.3985991904,0
423304.9916079552,0
423117.35077887366,0
423086.4116282549,0
422128.38826343784,0
422074.82005358965,0
421972.00052648457,0
421680.0150697225,0
421531.2488343131,0
421427.6611807624,0
421024.98880007304,0
420843.5944717365,0
420765.3863983375,0
420053.67292359145,0
420022.20900056564,0
419933.2045319745,0
419582.576840395,0
419054.7220857542,0
418916.53189107974,0
418857.24109899724,0
418354.2393953997,0
417900.99930428783,0
417833.7442592128,0
416618.1658549886,0
416551.0957851401,0
416287.29418585345,0
416222.44315025484,0
416088.591498684,0
415863.4482407773,0
415391.02813708025,0
415148.0566874469,0
415079.3709178962,0
414712.1463823011,0
414688.6245927087,0
414654.6265641342,0
414547.27909308294,0
414497.7998132945,0
414348.84046754777,0
414089.833438021,0
413918.25050165196,0
413666.92154123157,0
413480.1335509386,0
413269.01767434954,0
413002.6764073942,0
412730.8452404026,0
412690.97456886596,0
411381.08347373595,0
410755.68509553466,0
410675.4537406015,0
410556.6343843538,0
410497.6421016717,0
410436.1909948294,0
410301.9098264209,0
410178.7034216265,0
410017.4429988085,0
409959.01479888667,0
409925.8750381031,0
409709.2303359303,0
409347.14119461516,0
409268.18601408816,0
408931.4259181705,0
408838.41607187723,0
408806.65861591016,0
408661.70631738595,0
407933.6278816821,0
407911.0720169503,0
407151.10614623025,0
407035.3291769995,0
406969.3672074255,0
406690.10172186355,0
406601.12355974544,0
406263.6388267202,0
405860.1108724611,0
405743.35499131295,0
405672.2175223686,0
405559.0258435751,0
405546.5967746213,0
405396.1937088997,0
405009.7665621457,0
404965.43112783326,0
404823.610809408,0
404749.42073032376,0
404593.66421037645,0
404280.3025943917,0
403920.461793797,0
403878.99692048813,0
403627.1372776248,0
403403.54876181355,0
403308.51249134506,0
402886.9724405867,0
402376.68375132134,0
401807.22921971534,0
401700.9238044875,0
401486.28300717444,0
401217.6669264584,0
400880.16595896136,0
400814.8700570707,0
399775.8535866664,0
399772.99879098317,0
399723.99491981004,0
399613.37188579165,0
399315.97366840584,0
399192.8910865477,0
398875.5498257256,0
398601.6441876541,0
398553.14495250257,0
398200.0480109731,0
398112.76040033676,0
398065.95550155564,0
397997.99276722583,0
397989.2639806201,0
397776.9088394144,0
397219.51876625343,0
396912.4077414109,0
396783.8689857565,0
396736.8721205016,0
396443.84542189026,0
396435.2110488915,0
396142.3405158467,0
396027.71001936705,0
395836.47129267483,0
395736.2782044243,0
395732.7053344764,0
395488.0309131541,0
395369.022233905,0
395235.5849602458,0
395231.347783384,0
395223.19114052074,0
395206.7901049035,0
394982.0015303483,0
394974.64179023827,0
394955.6749449383,0
394642.74037168134,0
394543.2164351108,0
394404.8479449354,0
394395.5274311437,0
394344.22087830416,0
394129.1463328365,0
393890.354762883,0
393625.87856055214,0
392988.74277505564,0
392972.99381900806,0
392802.70901584043,0
391830.2358207394,0
391824.65291631833,0
391748.7033195986,0
391329.61981553497,0
391172.1529157292,0
390902.0136288627,0
390391.78753848886,0
390145.29845495865,0
390082.1573186761,0
389852.9263842498,0
389809.27090398036,0
389673.187538781,0
389429.58447425516,0
389375.0621405462,0
389200.02033974364,0
389065.78575228405,0
388995.3834842666,0
388544.36498352455,0
388275.3632738942,0
388225.7411004833,0
388221.470808975,0
387853.446103571,0
387153.84020966326,0
387037.04941322294,0
386999.0512842572,0
386921.4862112972,0
386710.5706476648,0
386114.1052259856,0
386063.5754487796,0
385900.63141926815,0
385872.25115019386,0
385731.77283074753,0
385547.8331498941,0
385508.97939484345,0
385450.6977668835,0
385223.929981792,0
384902.824246802,0
384901.6828378604,0
384594.2926440862,0
384504.6875578354,0
384282.2820101648,0
384048.9211683179,0
383801.7279006165,0
383726.2110452931,0
383538.4920113237,0
383506.8539480277,0
382892.99273010256,0
382306.1383584762,0
382262.3325737385,0
381898.6376047157,0
381836.0279156645,0
381758.6635822977,0
381664.546633939,0
381182.1632203516,0
381137.67202670185,0
380458.8002878349,0
380104.55249366874,0
379834.32503462327,0
379818.44952678535,0
379320.789270632,0
379163.54570605786,0
378998.7891470863,0
378704.43662741705,0
378498.45922877605,0
378258.874568346,0
378158.43404310354,0
378039.137340877,0
377883.639344252,0
377634.05424924067,0
377290.11372614215,0
377238.9473084078,0
377198.9020812365,0
376227.42113403475,0
376040.51900776016,0
376032.0703021554,0
375982.781571092,0
375786.9203747049,0
375393.13410165394,0
374974.72353008215,0
374941.64205125236,0
373783.2495259113,0
373407.39806796965,0
373276.4234265203,0
373142.7440356384,0
372729.01246671047,0
372649.0643140114,0
372271.77023234655,0
371577.70027445897,0
371506.3847860997,0
371047.2815968834,0
370756.6689475904,0
370673.0014351214,0
370626.9050270306,0
370603.984602594,0
370492.34827537456,0
370131.9260337439,0
369719.56646495085,0
369631.9462620789,0
369304.67073206615,0
369249.1762069818,0
369119.085842802,0
369079.367566948,0
369046.0247735707,0
369026.0670757578,0
368370.1820320277,0
368212.25579613703,0
368057.8373713488,0
368013.438347778,0
367626.49553202966,0
367590.5342189871,0
366871.49614579685,0
366537.0543188196,0
366406.49797688244,0
366384.6868409235,0
366019.0095759964,0
365925.76171564776,0
365473.37339824945,0
364791.39338222303,0
364649.020560797,0
364629.8366043052,0
364349.8358538502,0
364285.86027833086,0
364233.95610228885,0
363644.1003619456,0
363558.0718187602,0
363254.11783757753,0
363185.56744849076,0
363126.6279949804,0
362983.4143750875,0
362703.00600187026,0
362418.60603772243,0
362028.2084273435,0
361956.87005886703,0
361389.17703297426,0
360784.0524718837,0
360729.11960659607,0
360397.1634108832,0
360345.3876250592,0
360333.37035292404,0
360143.4448739335,0
360123.7305769785,0
359613.15672897204,0
359476.18552996207,0
359149.2665283422,0
358984.26479687967,0
358850.62702100654,0
358616.22013807035,0
358581.8411296449,0
358516.1415211048,0
358239.2966226876,0
357826.23219773907,0
357708.2276321587,0
357342.52871397435,0
357173.3455415092,0
356469.23919240717,0
356384.9480831098,0
356014.3210666367,0
355804.15701205074,0
355530.26947388233,0
355314.78506503935,0
355174.6794625667,0
355165.8533292259,0
354995.1605077758,0
354970.33145717665,0
354885.8125684928,0
354732.37138391635,0
354677.7619495973,0
354354.6567208306,0
353877.2894423303,0
353859.2977680688,0
353593.8725628336,0
353225.55228641845,0
352853.66100058105,0
352483.30227094254,0
352429.3411355236,0
352415.69146333437,0
352095.24058159115,0
352031.2681086664,0
351726.8937527867,0
351290.5422199924,0
351181.65816033154,0
351041.900154966,0
350573.6124663362,0
350219.7318765422,0
350194.187633653,0
350184.36717856384,0
350157.11234715895,0
349548.6898301399,0
349136.3733717334,0
349130.7906029585,0
348945.6168448061,0
348838.7131803202,0
348808.2559913952,0
348709.6464989762,0
348632.88639624673,0
348355.1597184257,0
348248.6524998215,0
348117.5383664103,0
348062.9591604252,0
348037.40988222143,0
347578.36228166666,0
347001.98485057167,0
346975.3372082964,0
346256.33550004807,0
346194.1013688019,0
346062.56800305727,0
346051.0243558794,0
345952.5950533713,0
344303.12333982886,0
344160.3190882458,0
344015.9848804834,0
343759.18826902146,0
343516.8559481648,0
342885.7486505597,0
342710.21705702256,0
342513.2121340084,0
341818.33955091494,0
341780.63214023685,0
341670.07295797934,0
341040.6209987469,0
340881.11804591847,0
340805.7495842552,0
340741.45655998046,0
340574.0040494833,0
340481.96635483234,0
340312.6052235903,0
339987.5177361301,0
339694.1796677937,0
339421.32118732494,0
339309.9696021758,0
338921.3810248613,0
338814.0493945024,0
338696.1602085648,0
338500.33282256924,0
338088.4295038666,0
337119.84910884587,0
337003.85773803666,0
336891.54375505215,0
336395.79026577144,0
335472.35358103976,0
335316.24440090667,0
335307.8866072904,0
335304.17208615545,0
335277.73213903245,0
335126.53129491396,0
334995.08969738876,0
334935.8318492655,0
334892.1645894223,0
334243.80951073865,0
333965.7182627069,0
333485.4093488272,0
333223.8649598298,0
333084.2949843484,0
332748.30394212937,0
331959.18610537413,0
331878.8674008259,0
331827.2046557775,0
331502.03841235134,0
330585.4497961263,0
330582.63266983075,0
330273.4432584946,0
330170.0878986752,0
330151.1594321782,0
329750.0008099002,0
328886.4732977043,0
328600.3366965293,0
328401.50639667147,0
328379.47678569297,0
328190.84920595854,0
327944.9497419198,0
327793.4727341875,0
327317.2049627656,0
327154.70828055206,0
326983.0277319411,0
326947.33467148646,0
326921.5382338057,0
326913.0682916204,0
326749.7820116128,0
326485.1445251984,0
326362.5017302072,0
326335.36456843815,0
326229.77014080854,0
325167.6272364376,0
325054.04035454587,0
324985.9836876031,0
324628.55621814675,0
324383.65704395593,0
323976.4834276357,0
323710.2376069162,0
323421.5518311344,0
322853.53902754467,0
322807.96293065365,0
322464.29678364896,0
322147.08374406333,0
321914.52757631586,0
321798.16226955416,0
321412.54416860174,0
321189.0919852788,0
321182.47928850335,0
320922.396160658,0
320874.546616372,0
320799.31592917105,0
320556.3668003249,0
320449.48787591193,0
320407.3075911673,0
320383.2334679819,0
320229.86021012533,0
319857.2814031628,0
319693.0828099123,0
319664.91817466606,0
319320.50605420204,0
317239.3343348745,0
316798.0315077979,0
316713.13583328336,0
316180.5170071318,0
316108.9280034296,0
315889.4908603575,0
315582.6099683878,0
315118.11051997246,0
314964.5656159579,0
314875.21219046233,0
314515.4247505117,0
314410.52601599705,0
313807.95786876226,0
313728.74036341044,0
313534.530401438,0
313206.0628655848,0
313151.2319600753,0
313121.3548121098,0
312451.8275767434,0
312208.9408063384,0
311785.7268844011,0
311151.7942605472,0
311129.2664306195,0
311061.1266239581,0
311057.9605910741,0
311033.646136075,0
310976.64964675665,0
310971.34998571133,0
309976.1481366563,0
309625.2310122258,0
309571.2008648963,0
309176.9570773768,0
308966.75389647315,0
308489.2637416043,0
308313.53674402565,0
307459.20426064736,0
307135.2865087337,0
305295.8414007192,0
304691.10018460837,0
304515.7482545323,0
303910.0223873324,0
303907.4993558715,0
303344.11259258917,0
302706.25439706625,0
302378.25386964343,0
302184.80921451945,0
301072.8470706444,0
300930.98289578833,0
300713.781961165,0
300568.20548255474,0
299703.4596019357,0
299506.50622747064,0
299478.5109319752,0
299127.1596719307,0
299004.52737920085,0
298749.4561334231,0
298227.764969465,0
298152.3466175585,0
297384.41834412375,0
297160.6260491539,0
296796.776457035,0
296092.5086282222,0
295560.6092880729,0
295530.6285408382,0
295039.63020584855,0
294108.1083004047,0
294050.2667920297,0
293947.6642393637,0
293739.59853582917,0
292870.8436119845,0
292779.1608556309,0
292640.5316259767,0
292535.793004934,0
292519.399591061,0
292305.07893962145,0
292059.97136290406,0
291850.77691157727,0
291534.9618563087,0
291476.70267121715,0
291429.2581833782,0
291326.8880517335,0
290212.03048943874,0
289054.15973804815,0
289008.68103285274,0
288846.02127443574,0
288719.3061345531,0
288345.971970633,0
287111.60578530154,0
286611.2181498789,0
286576.5199210278,0
286352.8364092364,0
286343.5424128931,0
286114.94582747493,0
285089.9821972314,0
283427.0016065742,0
282874.18665368506,0
282467.22127692285,0
281378.1921508041,0
281159.28069947526,0
280927.0330973633,0
280575.15243759204,0
278788.55141470645,0
278483.5613374111,0
278083.60520985594,0
277860.30657650984,0
277736.4339446443,0
277583.2694484216,0
276996.2838038211,0
276255.8776091102,0
276239.56815695146,0
275454.67358606646,0
274431.2024729615,0
273705.2095012886,0
273554.99274005846,0
272966.84474847186,0
271172.23942719185,0
270473.3117173451,0
269703.7859151035,0
269196.26215351117,0
269040.2751686,0
268961.2593521421,0
268818.54546537134,0
268780.0526304616,0
268256.5803778345,0
267787.26146651106,0
267680.28781067004,0
267636.96928158903,0
266454.02690396766,0
266084.71163072623,0
265558.0421783896,0
265250.63490507065,0
264986.9134170193,0
264904.77167209046,0
264812.34259004646,0
264512.31298688916,0
263824.7186807635,0
263468.93628823094,0
263287.2682327732,0
261762.47930004448,0
261722.27389695187,0
261280.77688883682,0
260576.71714148036,0
260251.4147391427,0
260055.36257006362,0
259517.60045918007,0
259363.29672281083,0
259066.1140759695,0
258881.17033094552,0
258457.76415592682,0
257601.3819779703,0
257217.42663012748,0
256240.46683329297,0
255412.33175488928,0
254547.74653073045,0
253811.01883734786,0
253267.72146430658,0
252816.38600686024,0
252506.08860870625,0
252315.8937390232,0
251421.63714223495,0
249618.8466919331,0
249012.92814959236,0
248443.8248891707,0
247970.75658755802,0
247909.2350431914,0
247173.8005143623,0
246507.50164603512,0
246019.16935291974,0
245740.48240931265,0
245506.0873112313,0
245348.20963156255,0
245325.37652405992,0
245187.70336626167,0
243800.40645921446,0
242031.52739762695,0
241612.11649818157,0
241300.26180588998,0
240671.8132192108,0
240591.27154305964,0
239813.64300770665,0
239566.99443321282,0
239392.8102927392,0
238206.30461389953,0
238129.77438997105,0
237742.65346553831,0
237203.99209059746,0
236860.844073151,0
236722.4358003598,0
236370.02411022852,0
236287.19659122764,0
236237.3623554831,0
235761.9502440367,0
235736.35330370665,0
235632.757972385,0
235525.5574407493,0
235404.5544832813,0
234904.10109820377,0
234637.87466688425,0
234177.25263877606,0
233572.88239814318,0
233540.7039610584,0
233421.2898339661,0
233061.83956143324,0
232882.46990142632,0
230978.72615862466,0
230573.59651292607,0
230242.34281473074,0
230107.29164811983,0
229703.54684628907,0
227873.8224160041,0
227345.26940354184,0
226983.27363256938,0
226399.0624008888,0
226284.4855445365,0
226200.5420003043,0
226065.18398376822,0
224728.3853101441,0
224722.04197305383,0
224388.8405281593,0
224166.64935475317,0
223654.65336739432,0
223191.041749892,0
222694.68754064656,0
222349.22687232133,0
221469.83841597504,0
221067.82883985445,0
220881.00483292807,0
220777.95192431382,0
220745.19848176942,0
220725.83916801363,0
219622.0324157767,0
219614.7252086658,0
219298.00707944346,0
218967.35800371543,0
218386.8071808771,0
218159.33367447878,0
217804.75299621632,0
217506.2854793355,0
217476.02595792757,0
217199.85253912583,0
216582.43003104083,0
216212.33512268655,0
214977.50575873198,0
214565.49970005106,0
214134.70201535383,0
214103.47695369224,0
214028.96778004308,0
213633.63687233083,0
213185.49901313984,0
212031.33907244648,0
211326.95894281624,0
209674.49703471936,0
205110.2659234493,0
204920.7107141143,0
204115.1243517726,0
203182.61114031414,0
201647.14585937376,0
200531.29546669772,0
200176.35205224645,0
200170.31746880847,0
199317.53999576735,0
198308.15499006328,0
197437.37691840247,0
197378.73769047667,0
196792.08203620068,0
195537.51449953264,0
194955.97588551996,0
194944.89552588185,0
194326.98919148394,0
194113.1161568468,0
193537.5959920892,0
193418.89576040863,0
192735.2463268331,0
190123.2675896307,0
189846.41655341344,0
185061.6350113039,0
184727.10609061454,0
184036.91723209643,0
183377.6184592415,0
182750.68877224426,0
181736.85478989081,0
181287.04741982432,0
181240.81324112244,0
180358.7961095633,0
179205.563492829,0
179020.31189378165,0
176623.0418041684,0
176054.65700341534,0
174607.72327172323,0
174535.8049212649,0
172591.45557291378,0
172309.5900113938,0
171832.33281469898,0
170468.5594244394,0
170269.86904276127,0
170011.01598359836,0
168452.3470149989,0
167690.51743714706,0
167457.94391739147,0
166698.25346002774,0
166486.014523844,0
166318.99142082778,0
165988.4347588699,0
165956.34672059477,0
165189.42713428626,0
163741.77716384118,0
163563.18119753833,0
163055.68678382682,0
162892.95885005014,0
160903.8851611303,0
160189.52873853905,0
159180.91369029152,0
157715.2065076632,0
157594.1305593623,0
155086.72749720418,0
154642.60562542488,0
153807.9107773107,0
151943.9761918099,0
151762.6530700384,0
150929.36785824122,0
150379.60148563707,0
150351.00040710004,0
149044.51533205603,0
148027.82961470206,0
147234.20064246753,0
146663.72684619154,0
146371.09113727286,0
144353.64689750964,0
144294.3837243339,0
142630.20464629045,0
140716.11002736108,0
135536.19841622628,0
133916.8707968998,0
133577.36892427923,0
130995.62122859777,0
129136.73488658539,0
127437.11687516581,0
124946.78663078099,0
122923.67614546235,0
117778.91743917385,0
100739.75451450523,0
